customer_id,name,age,city,registration_date,status
1,Isabella Roman,58,Port David,2021-09-17,S
2,Dominique Cox,19,North Deborahport,2021-03-19,M
3,Peggy Brown,33,Lake Trevor,2018-09-23,S
4,Lindsey Hood,26,North Debbiechester,2019-07-27,S
5,Janice Clark,61,South Maria,2022-09-20,S
6,Kelli Perez,55,New Christopher,2019-04-28,M
7,Karen Estrada,20,West Sandrachester,2018-10-11,S
8,Katherine Stevens,23,North Matthew,2022-09-04,S
9,Gary Hamilton,32,East Lauraburgh,2017-03-28,S
10,Elizabeth Berry,53,Lake Danielle,2019-04-10,S
11,Catherine Little,63,South Karen,2018-07-09,M
12,Elizabeth Mason,32,West Rachelview,2019-05-13,M
13,Megan Carter,55,Kristenview,2020-12-17,M
14,Robert Robinson,69,South Curtisbury,2022-09-09,S
15,Robin Bauer MD,66,East Michaelport,2020-11-27,S
16,Karen Harris,62,Lake Chloeview,2023-08-30,M
17,Dean Davila,39,Navarroside,2021-04-24,M
18,Whitney Strickland,27,South Pamchester,2020-08-24,S
19,Daniel Watkins,66,Port Garretttown,2018-01-13,M
20,Kenneth Shaffer,24,Harrischester,2020-10-19,S
21,Jesse Saunders,42,New Isaiah,2021-07-04,S
22,Danielle Weeks,40,East Eric,2020-10-28,M
23,Gregory Winters,56,Lake Scott,2023-12-25,M
24,David Davis,69,Jonathanburgh,2017-10-22,S
25,Jasmine Torres,64,Lauratown,2019-10-31,M
26,Robin Berry,52,South Timothyborough,2022-01-18,S
27,Brenda Wallace,42,South Nicholasmouth,2019-08-16,S
28,Susan Colon,53,East Matthew,2021-09-16,M
29,Kimberly Robbins,58,Ginaville,2019-07-06,M
30,Heidi Lewis,54,Port Richardberg,2019-04-05,S
31,Bradley Mack,63,New Meaganfort,2023-12-30,S
32,Joan Gonzalez,20,West Amandamouth,2018-12-30,S
33,Sandra Shaw,67,Perezborough,2021-07-23,M
34,Felicia Diaz,23,Port Jessicachester,2017-03-20,S
35,Andrea Johnston,24,Port Jeffrey,2023-08-05,M
36,Christine Garcia,35,Wilkinsmouth,2023-01-28,M
37,Kristine Massey,58,Nealfurt,2018-12-12,M
38,Michelle Callahan,28,Jonathantown,2017-11-02,M
39,Sarah Summers,40,Wilkersonberg,2018-07-16,S
40,George Sanchez,60,New Kathrynbury,2021-09-06,M
41,Stephen Campbell,62,Angelaberg,2021-01-10,S
42,Melody Vazquez,56,Ryanborough,2020-07-30,S
43,Dennis Davis,52,New Michael,2019-02-21,S
44,Tamara Jones,28,Port Ericafurt,2018-08-21,M
45,Kristina Garcia,42,Jeffreystad,2023-03-03,M
46,Scott West,58,Smithville,2021-01-14,S
47,Kara Smith,61,Tyroneberg,2018-07-05,M
48,Ryan Patterson,67,Rodriguezbury,2020-08-01,S
49,Taylor Ashley,32,New Danieltown,2021-12-30,S
50,Nicholas May,69,Shelleybury,2022-11-04,M
51,Ricky Bray,43,Lake Sarahburgh,2021-09-06,M
52,Amanda Bernard,22,Williamland,2018-09-16,S
53,Brandon Martin,54,Gonzalezport,2021-04-23,M
54,Brittney Nguyen,31,Clarkshire,2018-05-05,M
55,Alan Harrell,43,South Catherineshire,2019-06-29,M
56,Kathy Sampson,27,East Timothyville,2017-01-07,M
57,Taylor Clark,26,Ericfort,2017-12-18,S
58,James Sanders,65,West Charlesmouth,2019-10-29,M
59,Maurice Bruce,65,Port Sarah,2019-06-29,M
60,Jocelyn Price,55,South Jefferyfort,2022-01-19,M
61,Kristy Yang,41,Tinaville,2020-01-14,S
62,Marissa Clark,26,East Aaronton,2021-11-24,M
63,Paul Fisher,23,South Amy,2019-05-03,S
64,William Barrett,25,Woodsmouth,2022-06-22,S
65,Robert Woods,58,South Rebecca,2022-09-25,S
66,Karen Mills,68,New Samanthamouth,2018-12-05,M
67,Sarah White,56,North Julie,2020-12-08,S
68,Jonathan Reeves,42,West Sue,2023-09-14,M
69,Joshua Hayes,56,New Ryanborough,2020-12-09,M
70,Melissa Elliott,51,South Connieberg,2019-11-02,M
71,Vicki Martin,53,Davidburgh,2023-11-14,S
72,Ryan Newton,61,Jonathanville,2021-08-21,S
73,Kayla Hutchinson,61,East Carly,2019-12-23,M
74,Kimberly Soto,67,West Regina,2022-08-02,M
75,Kevin Melton,25,West Michaelhaven,2018-07-09,M
76,Christina Beck,45,New Andrew,2019-02-07,S
77,Sara Dean,47,Jeremyshire,2022-03-11,S
78,Lorraine Luna,64,East Antoniochester,2020-06-08,M
79,Cynthia Nielsen,50,West Eric,2019-09-21,S
80,Gary Burgess,50,Christyborough,2021-06-23,S
81,Jacqueline Wilson,58,Bartonton,2018-10-29,M
82,Patricia Reyes,58,Cartermouth,2020-08-29,S
83,Jeffery Jefferson,27,Martinport,2022-08-01,M
84,Lisa Jones,66,New John,2022-09-11,S
85,Luis Burton,52,Lake Cynthiachester,2019-08-08,S
86,Jessica Davis,56,Jaclynburgh,2021-10-10,M
87,David Kennedy,49,South Laura,2020-09-03,S
88,Heather Robinson,25,Edwardsborough,2023-05-16,M
89,Karen Fisher MD,69,Robertsonside,2019-09-30,M
90,Stephanie Jackson,33,Johnsonland,2019-11-25,S
91,Devin Francis,33,New Jeffrey,2022-07-19,S
92,Joseph Johns,23,Johnbury,2023-10-01,M
93,Debra Jackson,70,West Yolanda,2021-03-19,S
94,Carl Chung,66,Spenceburgh,2023-05-12,S
95,Nicholas Hunt,26,Timothymouth,2021-03-04,M
96,Christopher Reyes,53,West Scott,2022-08-07,S
97,Amber Jones,34,Kevinstad,2019-12-08,M
98,Denise Carter,31,West Edwardmouth,2018-05-24,S
99,Ronnie Vincent,63,Brownfurt,2023-09-04,M
100,Diane Murray,43,West Sonyahaven,2017-12-18,M
101,Anna King,46,South Timothyshire,2019-10-06,M
102,Brian Estrada,25,Jenniferview,2022-07-03,S
103,Danielle Ruiz,32,Paulmouth,2017-11-10,S
104,John Barnett,39,Port Michelle,2019-09-20,S
105,Emily Vasquez,55,Erinmouth,2023-08-02,S
106,Dr. Connor Bates,55,Alejandrotown,2017-07-15,S
107,Cynthia Sampson,18,Robertview,2023-04-10,S
108,Ashley Bernard,63,South Jenniferport,2018-11-03,S
109,Tyrone Russell,32,North Benjamin,2023-03-23,S
110,Gary Schwartz,20,Myersborough,2022-12-16,M
111,Karl Wood,22,Johnathanton,2018-02-23,S
112,Catherine Hoffman,35,East Caroline,2020-02-10,M
113,Danny Little,31,Simsside,2017-11-15,S
114,John Cox,64,Robertburgh,2020-06-10,M
115,Javier Hanson,33,Ramirezhaven,2019-05-08,M
116,Donald Johnson,69,Melissaville,2021-11-07,M
117,Scott Dillon,30,East Jacob,2017-09-26,S
118,Samantha Rodriguez,24,Port Molly,2020-08-14,M
119,Rebecca Calhoun,40,Macdonaldland,2023-08-28,M
120,Megan Gray,44,Lake Louisberg,2022-05-29,M
121,Aaron Lucero,64,Elizabethton,2022-11-14,S
122,Jeremy Guerra,61,Mahoneyport,2023-02-21,S
123,Maurice Proctor,21,Port Raymondport,2018-02-13,M
124,Stacey Madden,64,Lake Susan,2018-08-11,M
125,Megan Thomas,69,Benjaminberg,2023-01-20,S
126,Douglas Morse,33,Ruizhaven,2021-06-20,S
127,Natasha Moore,30,North Devon,2023-05-06,M
128,Cory Simon,26,Thomasland,2021-08-21,M
129,Jamie Peterson,29,Ericaland,2019-11-02,M
130,Sarah Olson,47,Lake Shannon,2021-03-24,S
131,Ian Gonzalez,22,East Daniel,2021-01-29,M
132,Melissa Jackson,69,Nicholaston,2018-06-24,S
133,Jared Vazquez,21,Aliciaville,2018-07-19,S
134,Lauren Brown,23,New Brian,2023-10-13,S
135,Marie Garcia,28,Gillespieborough,2017-02-17,M
136,Thomas Garcia,49,Harrisonside,2020-05-28,M
137,Malik Cox,31,Boltonport,2017-06-12,M
138,Cheyenne Schmidt,21,Port Michelle,2017-12-11,S
139,Pamela Lee,42,Stephanietown,2019-01-08,S
140,Donald Richardson,42,South Hollyton,2022-09-23,M
141,Krista Kim,68,Kristyville,2018-12-23,M
142,Rebecca Shaw,36,Patrickton,2017-11-03,M
143,John Patel,62,Kimland,2022-01-03,M
144,Mary Graham,27,North Diana,2017-05-04,S
145,Heather Morales,36,Raymondmouth,2022-02-19,S
146,Alexa Davidson,21,North Valerieton,2017-10-16,S
147,Cynthia Koch,65,Pierceberg,2018-11-25,M
148,Melissa Aguilar,21,Rachelstad,2022-06-26,S
149,Phillip Levy,55,West Frederick,2018-07-30,M
150,Matthew Webb,50,Andreberg,2018-03-13,S
151,Douglas Jennings,21,Rodriguezfurt,2023-04-21,S
152,Roger Sawyer,29,West Tiffany,2018-08-31,S
153,Alan Goodman,56,Zacharyfurt,2019-09-04,S
154,Jennifer Bentley,61,Kennethfurt,2023-11-27,S
155,Abigail Martin,43,Jessicaport,2021-09-19,S
156,Stephen Wong,54,West Richard,2017-10-03,S
157,Stacy Peterson,55,Matthewport,2023-07-18,S
158,Courtney Mckay,57,Delgadomouth,2020-04-06,S
159,Mary Mccormick,44,East Maryside,2021-02-04,M
160,Sarah Miller,34,West Thomas,2022-05-30,S
161,Cheryl Hays,60,New Katie,2017-04-18,M
162,Crystal Wells,33,North Kimberly,2017-03-03,M
163,Brenda Walker,43,Aaronfurt,2019-07-21,S
164,Luis Drake,60,Lake Stuartside,2021-10-16,M
165,Stephanie Williams,47,Lake Bryan,2019-06-15,M
166,Karen Vargas,66,Port Richard,2017-04-20,S
167,Jason Newman,18,Drakeshire,2017-09-09,M
168,Cole Carr,57,Lopezport,2020-01-23,S
169,Denise Orozco,22,Loritown,2018-01-21,S
170,Bryan Li,50,Careyfort,2017-01-05,M
171,Jennifer Casey,26,Port Sergiostad,2017-05-29,M
172,Michael Aguilar,22,Johnchester,2022-08-30,S
173,Julie Rodriguez MD,41,Johnsonland,2020-12-12,M
174,Andrea Reed,28,Lake Brandi,2019-10-24,M
175,Christopher Willis,52,Melissaview,2017-01-29,M
176,Cheryl Wilson,57,Sanchezchester,2021-06-28,S
177,Tamara Nolan,60,West Melissa,2017-10-23,M
178,Jonathan Barr,60,Rebeccaview,2018-07-01,S
179,April Williams,26,West Elizabethhaven,2018-08-10,M
180,Carlos Davis,25,New Kelly,2017-06-11,S
181,Alicia Thompson,65,South Mauricefort,2018-09-01,S
182,Joshua Thompson,35,East Jamesfort,2018-05-19,M
183,Margaret Cabrera,56,Williamston,2023-01-24,S
184,Ashley Ward,63,East Robert,2021-04-06,M
185,Michele Griffith,31,Williamland,2020-06-18,M
186,Luis Morris,50,Lake Cameronmouth,2023-12-30,M
187,Kevin Henderson,34,Lake Elizabeth,2018-08-01,S
188,Megan Herman,23,Millertown,2023-01-13,M
189,Amy Jones,35,East Ashleyshire,2022-05-21,S
190,David Keith,18,Port Marciaberg,2023-05-25,M
191,Ian Lopez,67,Robertberg,2021-10-26,S
192,Susan Jones,58,North Diane,2021-05-01,M
193,Sarah Moore,28,Brownville,2023-02-19,M
194,Morgan Wilson,53,Ortizville,2023-04-10,M
195,Stephen Cantrell,53,Bakerhaven,2023-08-05,S
196,Susan Hardin,25,Jacquelineberg,2023-01-29,S
197,Cindy May,62,Caitlinbury,2017-02-02,S
198,Thomas Mueller,52,Bridgetmouth,2017-05-10,S
199,Nichole Reynolds,41,East Annaview,2020-11-26,S
200,Cheryl Sanchez,45,New Gregoryborough,2018-03-21,S
201,Bruce Rodriguez,20,Jacobstad,2022-08-10,M
202,Crystal Day,41,Susanbury,2017-02-13,S
203,Anthony Shaw,40,Rebeccaborough,2022-04-08,S
204,Jamie Harvey,61,North Kristietown,2022-05-16,S
205,Christina Carter,60,Doughertyfurt,2022-08-13,S
206,Tara Johnson,40,Christinaborough,2020-07-16,M
207,Julie Johnson,57,Barretthaven,2019-05-29,S
208,Lisa Chandler,33,Johnmouth,2019-05-20,S
209,Monica Zimmerman,69,Richardsstad,2021-05-10,S
210,Julia Gutierrez,44,Lake Vincent,2018-10-09,S
211,Diana Griffin,29,North Donna,2021-05-29,M
212,Timothy Ford,68,South Rebeccamouth,2019-05-27,M
213,Lauren Green,69,Carolinetown,2023-06-03,S
214,Cole Sanders,35,Laurafort,2021-01-01,S
215,Dawn Howard,68,East David,2018-03-04,S
216,Laurie Johnson,42,Erinchester,2022-09-25,S
217,Jessica Holden,48,Port Calebmouth,2019-02-02,S
218,Christine Bailey,30,Port Lisaburgh,2020-09-24,M
219,Kevin Bauer,40,New Marthamouth,2019-07-14,M
220,Julie Robinson,70,Port Craigstad,2020-02-12,S
221,Emily Flores,32,West Christianfurt,2017-07-06,S
222,John Chapman,60,Wardstad,2023-11-27,S
223,Diane Thomas,43,Vargasfort,2022-12-30,M
224,Marcus Moody PhD,35,Port Julieside,2018-08-11,S
225,Susan Myers,67,New Joseph,2023-11-21,M
226,Daniel Roberson,40,North Lynn,2018-11-14,M
227,Bethany Fleming,61,Stevenfort,2017-02-11,M
228,Claudia Ross,19,Wrightmouth,2020-09-14,S
229,Tony Rogers,34,East Andrewmouth,2018-07-18,S
230,Catherine Lewis,55,Port Megan,2021-08-13,M
231,Jennifer Kelley,20,West Meghan,2021-03-03,S
232,Amy Perez,56,Barbarastad,2023-03-09,M
233,Beth Powell,40,South Candice,2018-04-08,M
234,Brian Mclaughlin,45,South Samantha,2023-04-26,S
235,Thomas Pitts,42,Port Jason,2022-01-17,S
236,Michele Reeves,34,Lake Royland,2019-07-11,S
237,Lisa Harris,63,New Jeremiah,2022-04-28,M
238,Anthony Stevens,18,New Suzanneborough,2018-12-28,S
239,Lauren Chapman,41,Pamelafort,2023-05-21,M
240,Jeffery Scott,22,South Alexandra,2020-12-02,M
241,Nathan Thomas,57,Lake Ronald,2022-11-04,M
242,Donald Lawrence,60,Johnsonstad,2018-10-21,S
243,Vincent Page,64,Reynoldsmouth,2019-01-17,M
244,Jessica Norman,50,South Dana,2021-06-02,M
245,Tammy Decker,60,Port Mary,2021-11-07,M
246,Christopher Ray,38,Port Nicoleburgh,2017-02-01,M
247,Lindsay Cruz,62,Ericmouth,2021-04-19,M
248,Elizabeth Mccormick,53,Port Logan,2020-05-23,S
249,Michelle Gibbs,30,Sarahshire,2021-04-12,M
250,Dr. Amy Morales PhD,60,East Matthew,2023-06-09,M
251,Lauren Hudson,61,Port Michaelland,2018-01-11,S
252,Yolanda Carter,57,New Steven,2018-04-12,M
253,Russell Le,43,Seanberg,2023-06-01,S
254,Angela Moore,37,Davidville,2021-02-15,M
255,Mandy Patel,31,Lake Samuelmouth,2023-03-14,M
256,Nicole Flores,68,South Amber,2022-10-22,M
257,Gabriel Elliott,47,Katherineshire,2021-03-24,M
258,Carrie Wilkerson,46,East Keithbury,2017-06-24,S
259,Wanda Moore,50,Meyerhaven,2022-08-30,M
260,Joan Schneider,68,Elizabethton,2020-03-03,S
261,Kathy Ward,60,Emilyhaven,2022-06-18,S
262,Courtney Hall,36,Lopezton,2021-07-07,M
263,Kathryn Hobbs,23,Port Justinside,2019-09-10,S
264,Sarah Gibbs,61,Smithburgh,2022-02-14,M
265,Kimberly Brown,32,West Nicolemouth,2021-01-12,S
266,Natalie Dominguez,27,Lake Bradley,2021-08-04,S
267,Mason Anderson,20,Devintown,2022-04-27,S
268,Sarah Sexton,48,Mossport,2023-03-10,S
269,Michael King,47,Timothyland,2018-04-03,M
270,Elizabeth Riley,58,Martinezhaven,2020-08-13,S
271,Angela Porter,63,East Christinemouth,2022-01-06,M
272,Jamie Ayala,49,Weberview,2022-10-29,M
273,John Blevins,33,South Richardshire,2021-04-12,S
274,Ashley Anthony,59,Amymouth,2022-07-02,S
275,Shelly Perez,66,Hardyview,2022-06-17,S
276,George Moon,67,Yolandaberg,2023-09-02,M
277,Jose Gomez,32,North Christian,2023-10-12,S
278,Alan Rodriguez,69,New Ericfort,2021-10-26,M
279,Caroline Ferrell,21,South Sherry,2022-12-30,S
280,James Mann,25,Schwartzbury,2020-07-02,M
281,Ann Martinez,26,Port Adamport,2023-12-31,M
282,Juan Edwards,60,Obrienport,2021-08-24,M
283,Dennis Murphy,66,Lisaville,2017-11-04,M
284,Ashley Valdez,57,Wolfeshire,2020-03-18,M
285,George Gonzalez Jr.,53,West Austin,2021-08-08,M
286,Daniel Klein,28,Robertberg,2018-04-01,M
287,Jillian Todd,46,West Joan,2019-06-03,M
288,Lisa Allen,66,Hillmouth,2023-11-15,S
289,Gabriel Johnson,58,Taylortown,2023-03-15,M
290,Mario Cook,67,New Mark,2022-06-26,M
291,Sydney Johnson,58,Jasonton,2022-12-04,S
292,Zachary Norton Jr.,35,Deborahside,2020-07-23,M
293,Veronica Rush,22,Laurenville,2018-11-25,M
294,Derek Caldwell,33,Erikbury,2020-03-07,M
295,Mr. Jeffrey King DVM,39,New Joshuatown,2023-07-02,M
296,Kathleen Rogers,52,East Troytown,2019-05-06,S
297,Sabrina Mcintosh DVM,26,Rebeccastad,2019-11-29,S
298,Thomas Franklin,32,Maryshire,2019-01-29,M
299,Lori Hall,62,Kennedyside,2023-11-01,S
300,Jessica Wilkerson,63,Thompsonbury,2019-08-27,S
301,Timothy Kemp,22,Lake Jaimetown,2023-05-14,M
302,Antonio Sandoval,44,East Ashleyberg,2023-03-26,M
303,Michelle Daniels,52,South Lori,2018-06-03,M
304,Lacey Sosa,44,East Alanbury,2023-01-09,S
305,Steven Johnson,31,North Sarahville,2022-10-19,M
306,Alexa Haas,42,Jeffreyshire,2018-09-20,S
307,Kevin Smith,66,Dawntown,2022-02-24,M
308,Damon Price,48,Davidberg,2020-02-10,S
309,David Johnson,40,Kerryton,2022-06-19,M
310,Peter Coffey,66,Wilsonstad,2023-10-31,M
311,Kathy Alvarado,44,North Timothy,2020-02-14,S
312,Jennifer Thornton,49,Melissashire,2021-01-25,S
313,John Martin,35,Lake Toddshire,2017-11-10,M
314,Angel Snow,49,New Amberbury,2020-07-14,S
315,Donald Buchanan,42,Holmesmouth,2019-02-05,M
316,Teresa Allen,60,Kellyland,2021-10-10,M
317,Stacy Tucker,64,East Michelle,2017-05-11,S
318,Sierra Miller,47,North Matthewshire,2020-05-13,S
319,Jennifer Smith,57,Allisonport,2023-01-25,S
320,Kristen Ortiz,43,Garyside,2022-09-02,S
321,Drew Jones,23,Robinsonborough,2017-10-01,M
322,Daniel Jones,26,Port Brent,2022-02-22,M
323,Alicia Day,29,Staceyhaven,2020-02-23,S
324,Darrell Rhodes,34,Jilltown,2022-07-03,M
325,Thomas Rodriguez,38,Ibarrafort,2018-02-14,S
326,Ronald Burton,47,Fergusonmouth,2023-11-26,M
327,Benjamin Blair,39,North Sara,2019-09-06,M
328,Stacey Newman,35,Manuelton,2017-05-04,M
329,Karen Moody MD,34,New Christophertown,2018-05-20,S
330,Elizabeth Lambert,48,Colinstad,2021-01-07,S
331,Megan Hamilton,65,New Brenda,2022-02-18,S
332,Mary Smith,40,East Robert,2019-02-02,S
333,Garrett Wilkerson,59,Frenchhaven,2022-02-20,S
334,Amanda Harris,67,West Heather,2019-05-21,S
335,Amy Martin,66,Johnsonland,2020-02-02,S
336,Angela Andrews,33,Ericton,2021-01-26,S
337,Joseph Olson,19,Samuelburgh,2020-02-28,S
338,Christopher York,33,Port Heather,2020-09-26,S
339,Anna Smith,48,Noahborough,2018-05-05,S
340,Christina Douglas,54,West Nicholasshire,2021-03-31,S
341,Andrew Marshall,47,Stevenshire,2018-03-14,M
342,Luke Wolf,67,South Kristinshire,2020-12-13,M
343,Robert Rush,28,South Shannonfurt,2020-10-17,S
344,Kelly Becker,67,Laneside,2020-08-11,S
345,Desiree James,37,Morsefort,2021-04-09,S
346,Vanessa Williams,55,New Caitlintown,2018-01-01,S
347,Mrs. Lisa Mcguire,37,New Kimberly,2023-07-02,M
348,Brandi Powell,43,New Randy,2017-01-22,S
349,Kelly Owens,22,Amandamouth,2018-09-17,S
350,James Johnson,24,New Anne,2022-06-28,M
351,Jessica Thornton,61,Robersonport,2018-04-17,S
352,Kevin Hoffman,68,Whiteland,2023-06-01,S
353,Cheryl Brooks,40,Clarkborough,2018-03-01,M
354,Joseph Henry,60,South Natasha,2019-06-16,M
355,Joseph Bishop,22,Timothyport,2021-03-13,M
356,Samuel Drake,18,Ashleytown,2022-06-24,M
357,Michele Schmidt,70,Barrettmouth,2020-10-29,M
358,Michael Brown,24,Leemouth,2018-08-25,M
359,Heidi Jackson,41,Christianchester,2020-09-03,M
360,Joshua Gonzalez,63,North Tina,2021-06-27,S
361,Robert Walls,45,Nathanburgh,2022-10-16,S
362,Donna Buchanan,64,North Lori,2019-06-19,M
363,Paige Allen,57,Hoville,2019-07-12,M
364,Teresa Barnett,47,Hallstad,2019-11-03,M
365,John Mejia,70,New Rhondafort,2022-02-24,M
366,Tina Patel,38,Jamesmouth,2023-06-11,S
367,David White,23,Shannonstad,2018-11-09,M
368,Jennifer Adams MD,46,Benjaminhaven,2019-11-23,S
369,Jane Brown,66,Francesbury,2019-07-27,M
370,Marie Bender,54,North David,2018-03-11,M
371,Kathy Velez,39,Turnerside,2017-08-30,S
372,Raymond Morton,49,South Jessica,2023-12-04,M
373,Donald Aguirre,29,Schwartzport,2018-11-25,M
374,Amy Ramos,31,New Kristentown,2021-11-17,M
375,Ryan Johnston,69,Woodfurt,2022-05-26,M
376,Melissa Garcia,39,Clarencetown,2019-06-13,M
377,Melanie Jones,56,Lake Rachelland,2017-11-26,M
378,Rebecca Fleming,53,New Ronaldfort,2022-08-03,S
379,Jose Escobar,51,Duncanshire,2021-08-17,S
380,Jessica Snow,23,East Tyler,2021-02-09,S
381,Tyler Burton,64,North Henrymouth,2018-06-29,M
382,Marissa Olson,49,Warnerberg,2020-10-13,S
383,Alicia Osborne,62,Port Hannah,2020-02-14,M
384,Alex Hopkins,59,North Jorgeton,2023-07-15,M
385,Dorothy Smith MD,46,West Adammouth,2022-12-09,S
386,Melissa Hernandez,23,New Lisamouth,2017-09-29,M
387,Mark Brennan,32,South Thomasside,2017-03-20,M
388,Vincent Sanchez,62,Aaronstad,2021-08-21,S
389,Mr. Joshua Good,37,Troyville,2023-04-19,M
390,Aaron Austin,48,North Jacob,2022-10-03,M
391,Patricia Calhoun,45,North Kayla,2020-03-18,M
392,Eric Krueger,40,Whiteton,2022-07-12,M
393,Melissa King,35,Wongport,2017-03-22,M
394,Darin Jenkins,34,Thomasview,2018-10-28,S
395,Rachel Martin,25,Shawport,2021-10-23,S
396,James Garza,38,Armstrongview,2020-01-10,S
397,Beth Travis,65,Bakershire,2019-09-18,S
398,Joseph Powell,30,Hansenburgh,2021-10-03,S
399,Nicole Hatfield,65,Andersonburgh,2021-12-20,M
400,Andrew King,35,West Carolyn,2017-01-29,M
401,Alicia Lopez,24,North Mason,2020-06-22,S
402,Candice Swanson,36,North Sergio,2017-01-27,S
403,Hannah Baird,41,East Melissaport,2022-08-27,S
404,Noah Davis,37,Rushmouth,2022-09-19,S
405,Bradley Stokes,63,Harrisonhaven,2023-01-11,S
406,Donald Calderon,35,Port April,2020-09-12,S
407,Ryan Davis,21,South Dawn,2023-05-19,M
408,Jorge Diaz,62,West Jeffrey,2019-06-15,S
409,Laura Thomas,58,South Mark,2022-07-25,M
410,Anna Mccullough,24,Cookchester,2023-02-05,S
411,Matthew Wilson,54,South Mark,2017-07-20,M
412,Vanessa Jennings,48,North Jerryton,2021-05-13,M
413,Terry Rivera,46,West Kevinport,2021-03-23,M
414,Thomas Olson,29,West Curtisview,2018-07-02,S
415,Makayla Hahn,34,West Jeffery,2018-08-01,M
416,Alison Kelly,25,Port Johntown,2019-12-10,S
417,Brandon Rojas,43,East Christine,2019-07-11,M
418,Jessica Guerra,22,Port Stanley,2017-06-15,S
419,Ryan Dalton,27,Smithborough,2021-10-13,S
420,Nicholas Roth,69,Cummingsmouth,2023-01-15,M
421,Christina Dawson,23,Schmittville,2023-02-10,S
422,Francisco Miller,25,East Patrick,2023-07-30,M
423,Erika Weaver,56,Rodgersfort,2017-09-06,S
424,Paul Morales,67,New Kelly,2018-10-24,M
425,Cindy Evans,46,East Susanport,2018-11-27,M
426,Michelle Melton,37,East Stevenmouth,2022-03-14,M
427,Haley Powers,37,Deborahside,2020-02-25,S
428,James Velazquez,57,East Heathertown,2020-02-19,S
429,Samuel Conner,66,Lewisport,2022-09-13,S
430,Brandon Meyer Jr.,58,Lake Christopherfort,2018-08-02,S
431,Natalie Barnes,34,Thompsonchester,2022-12-31,S
432,David Alvarado,28,South Marystad,2018-07-22,S
433,Benjamin Knapp,29,Webbtown,2020-03-25,S
434,Susan Garza,28,Ronaldton,2020-10-16,S
435,Kevin Blevins,44,Jordanside,2018-10-19,M
436,Aaron Perez,62,Ramirezfurt,2023-06-22,M
437,Gregory Cook,36,North Jennifershire,2022-09-03,S
438,William Hughes,32,Lucasview,2019-03-22,M
439,Ernest Spears,63,Lake Monicatown,2019-02-13,M
440,John Roberson,62,Port Katherineborough,2020-02-05,M
441,Julie Hammond,22,Jeremyland,2017-05-07,S
442,Mark Fuller,34,South Josephshire,2018-03-07,S
443,Vincent Spence,45,Lake James,2018-07-22,S
444,Tracy Smith,52,Lake Brianshire,2018-11-11,S
445,Donald Webb,59,Gonzalezton,2023-06-13,S
446,Stacey King,35,Tiffanyhaven,2019-05-07,S
447,Alejandro Hall,22,New Emilytown,2021-01-12,S
448,Lisa Bird,28,Fosterbury,2019-01-10,M
449,Michael Williams,56,Jeffhaven,2017-01-12,M
450,Judy Henry,46,East Jeffreyland,2020-07-23,S
451,Becky Garcia,47,East Michael,2023-05-10,M
452,Mr. Walter Velasquez,62,Josephhaven,2020-11-23,M
453,Tracy Peterson,35,Jessicahaven,2018-05-28,M
454,Linda Levine,46,Danielstad,2022-09-17,S
455,Austin Rivera,56,West Kevinchester,2020-04-09,S
456,Gregory Norris,45,East Danielport,2019-04-21,M
457,Alicia Mack,56,East Melissaport,2022-06-24,M
458,Suzanne Gilbert,19,East Dean,2017-10-04,S
459,Anthony Marks,32,South Charlesberg,2020-06-18,S
460,Kenneth Perez,66,Port Ianshire,2020-06-05,M
461,Jeffrey Jones,54,Amberborough,2021-01-06,S
462,Wendy Gross,66,South Nicoleland,2022-06-30,S
463,Dana Watson,48,New Laurafurt,2020-05-28,M
464,Veronica Chen,35,East Jonathonborough,2023-06-28,S
465,Kevin Carpenter,55,West Jeremy,2017-04-14,M
466,Christopher Diaz,58,Port Amber,2018-12-31,M
467,David Fitzpatrick,23,East Jenniferberg,2017-07-03,M
468,Trevor Fisher,40,South Jason,2019-10-15,M
469,Patrick Newman,39,Douglaschester,2019-01-24,M
470,Eric Moore,60,Lake Darren,2020-05-12,S
471,Frances Long,28,Annbury,2023-11-07,M
472,Carlos Lee,44,Danielleshire,2019-10-20,M
473,Michael Thompson,36,Port Madisonbury,2023-11-18,M
474,Nicole Foster,70,Jacobsburgh,2018-12-31,S
475,Lynn Johnson,47,Kellermouth,2020-07-23,S
476,James Chang,38,West Amber,2022-06-18,M
477,Alexander Calderon,38,Jonesborough,2022-09-21,S
478,Amanda Malone,67,East Amanda,2023-01-22,M
479,James Adams,50,South Juan,2023-08-18,S
480,Kimberly Yoder,60,North Brittanyville,2020-07-20,M
481,Timothy Davila,44,Lake Hollyburgh,2018-06-25,S
482,Robin Eaton PhD,30,Luceroview,2023-04-23,M
483,Michael Kim,57,Annashire,2018-08-08,M
484,Daniel Adams,58,East Victoriashire,2022-09-16,M
485,Jamie Smith,66,Jorgestad,2017-10-19,S
486,Michelle Jimenez,31,Courtneychester,2022-10-13,M
487,Stacy Case,53,Matthewston,2018-08-14,S
488,Veronica Tyler,36,Frazierfort,2021-01-26,M
489,Patricia Mann,62,Joshuafort,2020-08-25,M
490,Linda Hill,25,East Thomas,2017-01-29,S
491,Robert Graham Jr.,58,Leeberg,2022-12-07,S
492,Marcus Shepard,63,Joshuamouth,2023-01-11,S
493,Kimberly Rivera,37,East Michaeltown,2022-08-03,S
494,Anna Stewart,53,North Leah,2017-04-01,M
495,Tami Davis,23,East Charleshaven,2017-03-12,S
496,Ronald Gutierrez,25,Lake Seanstad,2021-12-13,M
497,Vincent White,25,New Amber,2022-10-30,S
498,Benjamin Frye,49,South Trevorview,2020-03-25,M
499,Mitchell Sexton,50,Lake Brandon,2021-01-14,M
500,Robin Guerra,44,Lake Danielport,2021-09-21,M
501,Mr. Derek Mora PhD,48,Hancockshire,2023-07-21,S
502,Joshua Mendoza,47,Laurenborough,2023-11-02,S
503,Cynthia Ramos,42,New Marytown,2021-09-09,S
504,Whitney Hicks,56,Silvatown,2021-11-17,S
505,James Clark,22,Port Aaron,2018-01-04,M
506,Thomas Warren,67,Thomasview,2021-11-10,M
507,Kyle Blake,39,Seanville,2018-02-02,M
508,Amanda Collins,70,South Paulaberg,2023-03-07,S
509,Jeffrey Adkins,36,West Stephanie,2022-07-02,M
510,Bob Nguyen,55,Kevinville,2023-06-15,M
511,Dr. Carol Hines,27,Port Michelle,2020-12-21,M
512,Lindsey Williams,52,Brittanyton,2023-02-18,M
513,Ryan Moore,40,Allisonberg,2022-01-26,M
514,Samuel Moore,53,South Kevin,2022-04-22,M
515,Debra Palmer,47,West Gabrielmouth,2017-01-06,M
516,Sara Barber,30,Martintown,2020-07-13,S
517,Matthew Martinez,54,Port Sheilamouth,2017-09-24,M
518,Jennifer Zimmerman,32,Bondhaven,2020-12-18,M
519,Robert Hopkins,20,South Cherylmouth,2018-11-24,M
520,Latasha Scott,65,Suzannebury,2021-04-08,M
521,Darrell Garcia,63,Port Monicamouth,2017-06-05,M
522,Cheryl Gonzales,42,Shortmouth,2017-10-02,S
523,Anita Burgess,49,Lake Max,2019-04-08,S
524,Mr. Luis Banks,26,Phillipsbury,2022-01-20,M
525,Brittany Rivera DVM,24,Lake Tyler,2020-01-14,M
526,Christopher Castillo,24,South Mollyhaven,2022-11-30,M
527,Kimberly White,18,Thomasmouth,2020-02-25,S
528,Sarah Sims,44,Angelicafort,2020-06-08,S
529,Justin Lewis,22,Tuckerview,2017-09-04,M
530,Juan Swanson,68,Anthonyberg,2020-05-31,M
531,Ashley Hansen,39,East Annehaven,2017-10-27,M
532,Christopher Thompson,59,Russellbury,2022-12-28,S
533,Debbie Williams,39,Timothyfurt,2019-02-28,M
534,Jack Mahoney,38,Justinmouth,2022-04-09,M
535,Sara Santos,52,Port Jerry,2021-09-18,S
536,Sarah Mathews PhD,57,Miguelport,2022-12-26,S
537,Andrea Willis,33,Kellyburgh,2023-11-09,M
538,Thomas Atkins,32,Port Kendra,2019-09-21,S
539,Brandon Johnson,45,Davenporttown,2021-10-21,S
540,Tracy Dougherty,66,Ritterborough,2021-10-02,S
541,Danielle Turner,46,Victoriaside,2020-02-08,S
542,Carol Turner,62,East Ashleyville,2021-03-28,M
543,Rhonda Kerr,19,Lake Regina,2017-03-25,S
544,Denise Carter,38,Port Lisa,2017-03-18,S
545,Nancy Santos,36,South Natalie,2019-06-13,M
546,George Roach,41,North Tom,2020-11-06,M
547,Laura Murphy,27,New Janice,2019-04-15,S
548,Sarah Mcmillan,51,Michaelfurt,2020-10-04,M
549,Kyle Ortiz,54,Jillianland,2018-07-22,S
550,Katelyn Cox,28,Lake Jose,2022-09-09,S
551,Erica Summers,23,Lake Charlesstad,2017-06-13,M
552,Brittney Martinez,57,Toddstad,2022-04-14,S
553,Karl Nelson,49,New Courtneychester,2019-02-04,S
554,Michael Spencer,32,Audreybury,2022-04-18,M
555,Holly Ellison,58,Thomasport,2019-07-31,M
556,George Mathis,47,Edwinstad,2018-02-26,M
557,Scott Weaver,60,East Michelle,2023-05-22,S
558,Heather Jones,69,Robertton,2017-08-05,M
559,Jamie Kennedy,36,Lake Noah,2023-06-19,S
560,Meredith Taylor,22,Jasmineshire,2017-10-12,M
561,Morgan Green,40,Wilsonborough,2018-09-12,M
562,Tara Nguyen,58,Johnsonmouth,2023-10-26,M
563,Jennifer Henry,62,South Heather,2017-04-17,M
564,Keith Kline,47,Garrettport,2018-08-05,M
565,Alyssa Reyes,30,Lake Deanna,2017-10-19,M
566,Kyle King,48,Karenport,2017-01-14,S
567,Barry Cantu IV,33,Davidtown,2020-01-16,M
568,David Pierce,54,East Angela,2023-03-23,M
569,Kelly Garcia,54,Boothtown,2018-08-07,M
570,Mr. Michael Moore,62,Cunninghamfort,2018-01-15,M
571,Jessica Weber,19,South Amberburgh,2017-12-21,M
572,Dana Anderson,35,Nelsonton,2018-03-21,S
573,Nicole Hoover,54,North Kevinview,2021-07-16,S
574,Scott Schultz,56,Amandaport,2022-08-15,M
575,Aaron Miller,36,Stevenberg,2019-02-02,S
576,Rebecca Blanchard,56,Lisatown,2019-09-07,M
577,Samantha Caldwell,32,Brownbury,2019-01-01,S
578,Timothy Walker,57,Port Brendaview,2018-01-24,M
579,Elizabeth Barton,61,Lake Nicolasland,2022-03-28,S
580,Kenneth Lang,58,Dwayneshire,2020-01-20,S
581,Nicholas Ramos,58,Johnsonstad,2017-05-30,S
582,Larry Kerr,37,Weeksburgh,2019-04-12,M
583,Robert Delgado,20,Russellport,2017-11-06,M
584,Stephanie Benton,64,Juliaville,2020-03-09,S
585,Rachel Morgan,23,Garciashire,2023-07-27,M
586,Randy Reed,38,Joeland,2020-04-02,M
587,Jason Hanson,29,Lake Dylan,2020-04-23,S
588,Chad Anderson,26,Jensenhaven,2019-05-20,M
589,Melanie Hernandez,51,West Ashleyfort,2023-06-28,M
590,Leah Sullivan,28,Katherinefort,2018-07-13,M
591,Curtis Green,70,Mayerhaven,2021-04-17,M
592,Daniel Miller,69,Harpermouth,2019-11-08,M
593,James Jones,65,Port Samanthaport,2020-02-20,M
594,Dr. Sherry Griffin MD,69,West Frederickville,2020-09-07,S
595,Gerald Foley,47,Thomasmouth,2023-07-18,S
596,Ruben Lewis,27,Sanchezmouth,2020-06-03,S
597,Michelle Lane,61,Rhodesbury,2017-08-24,M
598,Amanda Brown,69,Susanville,2019-02-13,M
599,Jesse Castillo,23,North Lucas,2018-04-18,M
600,Erica Brown,18,Huangton,2022-07-18,M
601,Jordan Burke,52,East Geraldville,2021-07-12,S
602,Rachel Gamble,47,West Michaelfurt,2020-12-07,M
603,Tracy Mejia,61,Port Adrienne,2023-04-21,M
604,Brittany Flynn,55,West Chrisstad,2017-10-24,M
605,Jason Smith,70,South Tammiehaven,2021-01-22,M
606,John Benson,24,Sandraborough,2019-03-05,S
607,Carolyn Dominguez,48,New Chase,2022-05-06,S
608,Christine Aguirre,57,New James,2019-04-19,M
609,Jacqueline Gray,57,Lake Elizabethfort,2023-07-07,S
610,Shane Moreno,59,Lake Joycefurt,2020-02-23,S
611,Renee Sweeney,58,Longview,2022-11-23,M
612,Brian Herrera DVM,62,Simmonstown,2021-07-29,M
613,Jill Johnson,59,North Jason,2023-01-23,M
614,Leah Strickland,25,West Andrewburgh,2023-08-22,S
615,Christopher Cook,20,Austinville,2022-11-07,S
616,Elizabeth Thompson,37,North Patricia,2023-08-02,M
617,Douglas Edwards,25,Port Erica,2019-04-16,S
618,Peter Guzman,33,Chenmouth,2018-07-05,S
619,Gabriela Reilly,42,Thomasland,2018-10-19,M
620,Catherine Anderson,41,Derekview,2022-02-21,M
621,Robert York,55,Mendozaborough,2021-02-17,S
622,Daniel Alvarez,44,West Gary,2023-05-20,S
623,Morgan Cox,49,Danielleberg,2019-06-08,M
624,Jennifer Campbell,35,Alexanderview,2021-03-30,S
625,Julie Edwards,62,Batesstad,2018-03-16,M
626,Ruth Cantrell,31,Kimberlychester,2022-05-16,M
627,Alison Schneider,46,West Saraland,2021-11-16,S
628,Nicolas Vargas,41,New Amandaberg,2019-03-24,S
629,Robert Davis,61,South Jacobbury,2021-06-08,M
630,Sara Allen,52,Port Christianport,2022-08-11,M
631,Jeffery Anderson,21,Hansenport,2022-05-26,M
632,Emily Young,35,Deannabury,2021-11-27,S
633,Natalie Fisher,25,South Emily,2023-04-01,M
634,Anthony Stewart,23,North Duanefort,2017-11-11,S
635,Seth Adams,59,Lake Andrew,2022-10-27,S
636,Erin Moore,21,South Ericton,2021-04-23,M
637,Jasmine Scott,33,Heatherburgh,2020-09-23,S
638,Cory May,68,New Brianfort,2022-03-14,S
639,Robert Rodriguez,22,Chavezfurt,2023-12-27,S
640,Vincent Archer,55,Jordanview,2021-01-10,S
641,Matthew Scott,70,South Matthewmouth,2018-01-07,S
642,Tina Morris,39,Mariatown,2020-04-29,S
643,Laura Mathews,68,North Kentfort,2020-01-04,S
644,Joshua Page,35,East Joshua,2022-11-12,S
645,Timothy Mills,26,Port Thomasburgh,2018-09-03,M
646,Jennifer Chandler,69,Russellmouth,2023-04-11,S
647,Michelle Thompson,25,New Robert,2018-07-17,S
648,Brandi Jones,26,West Nicolefort,2022-05-09,S
649,Alan Weber,40,Lake Teresaside,2020-01-21,S
650,Jon Ramirez,55,Fostershire,2020-11-28,M
651,Misty Clark,19,Lake Jennifer,2020-11-23,S
652,David Patton,34,East Tanyafurt,2020-02-12,S
653,John Harris,26,South Chad,2023-12-21,M
654,Robin Holland,51,Jasonville,2020-07-12,S
655,Gloria Ellis,65,South Derrickville,2021-06-03,S
656,Matthew Dixon,48,Flowerston,2022-02-21,M
657,Dana Walker,67,Saramouth,2017-06-28,M
658,Brad Holder,50,Brittanyberg,2017-09-19,S
659,Cynthia Smith,46,East Alexandria,2021-03-27,S
660,Richard Smith,57,Romerobury,2017-06-17,S
661,Raymond Sanders,64,East Phyllisview,2020-04-29,M
662,Latasha Estrada,47,Castrotown,2017-06-07,S
663,Ryan Pham,21,Harrisburgh,2018-12-04,M
664,Felicia Wilson,43,South Melissaburgh,2023-08-22,M
665,Nicholas Walker,61,South Charlene,2018-04-22,S
666,Sharon Middleton,49,East Richardburgh,2021-03-25,M
667,Michele Tucker,22,South Justinchester,2019-09-15,S
668,Melissa Frey,38,Jasonton,2020-01-13,S
669,Christina Owens,22,Smithburgh,2017-06-01,S
670,Karen Cline,35,Griffithton,2019-11-03,M
671,Victoria Taylor,42,Taylorburgh,2021-02-09,M
672,Melissa Williams,47,New Ronald,2019-05-27,M
673,Gary Figueroa,24,Patrickland,2022-08-25,S
674,Michelle Arnold,59,Lake Jeremyview,2020-07-16,S
675,Joseph Decker,45,North Sarah,2017-03-07,M
676,Heidi Drake,32,Griffintown,2017-05-21,M
677,Julie Baker,39,West Jennifermouth,2023-03-25,M
678,Susan Parsons,43,Jaredport,2023-06-27,M
679,Joan Tucker,64,Michelleshire,2021-06-16,S
680,Daniel Larsen,38,Loriland,2022-01-30,M
681,Christina Swanson,38,Gregoryhaven,2023-09-08,M
682,Donald Jones,41,Phillipsborough,2020-12-15,S
683,Mary Hayes,61,Ortizton,2022-08-01,M
684,Holly Murray,22,Cynthiaville,2019-12-18,S
685,Richard Parker,23,Lake Rebeccaville,2023-06-27,S
686,Rachel King,45,Port Roberttown,2021-02-20,S
687,Samuel Morgan,65,Acostashire,2022-08-26,M
688,Mrs. Ashley Harris,69,Port Michael,2018-06-03,S
689,Jennifer Coleman,53,Michaelborough,2020-02-01,S
690,Kimberly Bryan,55,East David,2023-01-02,M
691,Deanna Patton,60,Mariaport,2021-10-18,S
692,Lacey Gonzalez,44,Christophertown,2018-10-04,M
693,Jeremy Bauer,60,Port Samantha,2020-01-09,M
694,Chelsea Ponce,64,North Kimberlystad,2017-01-24,S
695,Karen Malone,36,Smithburgh,2019-05-03,M
696,Edward Carlson,40,Port Virginiastad,2017-09-20,S
697,Tonya Thomas,54,New Michaelborough,2022-12-20,S
698,Tom Lewis,27,Rebeccaside,2017-10-29,M
699,Michelle Cole,32,Lake Aprilchester,2019-11-04,S
700,Wendy Johnson MD,40,Samanthamouth,2020-03-13,M
701,Cristian Howard,25,Riosborough,2021-09-06,M
702,Robert Fields,54,West Christopherborough,2018-04-30,S
703,Evan Anderson,69,North Brittanymouth,2021-10-11,M
704,Brandon Walsh,53,Erinchester,2019-10-22,S
705,Michael Green,56,South Bryan,2017-05-21,M
706,Lisa Silva,19,West Justin,2022-03-23,S
707,Misty Barr,35,North Adam,2023-03-21,M
708,Gabriela Williams,39,Lake Maurice,2022-05-29,M
709,Nicole Rogers,18,South Vincent,2023-05-17,S
710,Jeffrey Washington,27,West Susan,2017-08-12,M
711,Teresa Forbes,22,South Brenda,2023-01-09,S
712,Allison Williamson,65,South Robert,2018-12-13,S
713,Olivia Miller,23,Alexisland,2018-02-17,S
714,William Le,42,New Micheal,2017-06-29,M
715,Mrs. Megan Conner,47,North Katherineberg,2023-06-07,M
716,Louis Perez,28,Kathymouth,2020-03-26,M
717,Dawn Collins,37,North Jeremyborough,2018-08-13,M
718,Kristen Young,67,Andersonmouth,2022-11-06,S
719,Keith Hughes,21,Brianton,2018-03-27,S
720,Patricia Hernandez,28,North Angela,2018-07-20,S
721,Tami Guerrero,61,South Phillipburgh,2023-08-09,S
722,Ryan Zamora,35,Louishaven,2023-09-06,M
723,Michael Cunningham,60,East Emily,2020-01-25,M
724,Eric Rollins,49,Joseside,2021-02-10,M
725,Keith Carter,44,Lake Christinebury,2023-01-14,M
726,Eric Marquez,31,North Michael,2018-11-11,S
727,Christopher Serrano,40,South Samanthashire,2023-09-17,M
728,Brian Simmons,25,Martinview,2017-12-12,M
729,Mr. James Delacruz,61,Amychester,2023-03-18,M
730,Thomas Wood,51,Jennamouth,2021-04-19,M
731,Robert Mays,20,East Timothystad,2020-01-23,S
732,Julia Williams,43,Marcusberg,2017-12-15,S
733,Joy Drake,18,South Scottton,2020-06-22,S
734,Cathy Jacobs,37,Jessicaberg,2022-09-27,S
735,Jordan Vasquez,67,Odonnellview,2017-08-07,S
736,Jessica Brewer,66,Jacquelineview,2018-09-20,M
737,Tabitha Flores,36,North Kevinview,2022-11-29,M
738,Travis Baker,25,West Bryanhaven,2020-05-16,S
739,Mary Thomas,49,Port Phyllis,2017-10-08,M
740,Sergio Perez,29,Kevinbury,2023-08-23,S
741,Shane Morales,42,Michelletown,2017-05-17,S
742,Derrick Webb,50,South Jordanport,2022-02-06,M
743,Alexander Atkins,22,East Kellyville,2022-12-18,M
744,Rachel Cox,65,Ruizmouth,2022-03-04,S
745,Brian Munoz,45,Chapmanshire,2021-08-15,S
746,Michael Villegas,47,Dominicside,2017-08-14,S
747,Monica Brennan,38,Carlosside,2023-09-27,M
748,Douglas Potter,54,East Steven,2019-09-23,M
749,Amanda Williams,63,North Erin,2019-08-19,M
750,Kenneth Montgomery,36,Jadeside,2019-11-11,S
751,Mrs. Patricia Kelley,43,Lake Nathan,2022-08-08,S
752,Victoria Davis,38,Jamesbury,2019-09-23,S
753,Keith Smith,69,Madelineshire,2018-02-03,M
754,Amy Liu,62,Lake Brandonberg,2018-05-26,M
755,Anthony Vaughn,23,New Juan,2021-01-10,M
756,April Bright,24,South Jamie,2018-11-21,S
757,Douglas Shelton,45,New Alexander,2023-12-17,M
758,Angel Romero,51,Christophershire,2018-06-16,S
759,Charles Vargas,43,North Robertfurt,2021-02-11,M
760,Carl Watts,65,New Andre,2018-12-16,M
761,Michael Sanders,32,Schneiderfort,2023-11-25,M
762,Madison Walker,67,Kevinmouth,2019-11-28,S
763,Jeremy Ray,22,New Sherryhaven,2018-04-01,S
764,Jill Jones,51,Nathanland,2019-12-31,S
765,Tony Ponce,67,Kevinstad,2022-05-31,M
766,Michael Frank,40,Williamsmouth,2021-09-18,S
767,Alexis Francis,33,West Brittanyfort,2023-10-28,S
768,Ricardo Jones,27,Anthonyhaven,2023-07-03,M
769,Jared Kelly,30,New Rebecca,2020-03-06,S
770,Denise Johnson,56,South Lori,2018-06-10,S
771,Rachel Rodriguez,66,Bentleychester,2018-12-10,S
772,Duane Acosta,29,New Martin,2020-03-24,M
773,Dawn Butler,47,East Ginahaven,2018-04-22,M
774,Kenneth Dunn,61,Erinstad,2018-10-06,M
775,Rebecca Mahoney,58,Kennedyburgh,2017-04-01,M
776,Thomas Keller,27,Lake Catherineborough,2020-10-20,M
777,Brandon Ellis,22,Port Kimberly,2017-06-29,M
778,Heidi Strong,46,West Anthony,2017-08-20,M
779,Catherine Moon,68,Loganhaven,2020-06-24,M
780,Tracy Kirk,55,Ricefort,2017-01-24,S
781,Jamie Mejia,40,North Stephanietown,2021-03-10,S
782,Christina Patrick,37,West Christopherhaven,2020-07-26,M
783,Valerie Wright,46,Danview,2017-08-06,S
784,Matthew Powell,21,North Catherinefurt,2017-01-20,M
785,Ronald Young,36,New Linda,2017-03-10,S
786,Eileen Hunter,59,West Kevin,2022-12-31,S
787,Ryan Davenport,57,North Lauramouth,2020-06-28,M
788,Shawn Johnson,47,East Luis,2021-03-13,S
789,Nicholas Nelson,46,East Jason,2020-10-24,S
790,Holly Strickland,38,Karltown,2020-03-21,M
791,Joshua Johnson,50,Vincentville,2022-10-03,S
792,Catherine Moran,21,Alanmouth,2017-04-11,M
793,Patricia Patterson,24,New Keithland,2018-09-25,M
794,Sarah Garcia,63,Burtonton,2022-01-18,S
795,Eric Roman,50,Torreshaven,2023-11-22,S
796,Carlos Taylor,20,Port Nicolemouth,2019-11-20,S
797,Jessica Fischer,63,Port Davidshire,2019-03-27,M
798,Matthew Davis,46,Rebeccaville,2022-11-18,S
799,Katelyn Phelps,41,Thomasville,2023-05-31,M
800,William Oneill,36,North Joanland,2017-08-25,M
801,Amy Mccormick,44,Lake Chris,2019-10-19,M
802,Angela Burnett,61,Cooperchester,2017-05-10,S
803,Isaac Rivera,68,South Timothyside,2022-04-13,M
804,Angela Johnson,22,Austinburgh,2019-10-31,M
805,Brian Dickerson,24,Mitchellhaven,2019-06-30,M
806,William Perez,36,Jamesshire,2023-04-08,M
807,James Clark,64,New Ryanchester,2022-02-23,S
808,Dorothy Andrews,39,New Dawnmouth,2018-04-03,S
809,David Powell,55,South John,2023-06-03,S
810,Sandra Anderson,40,New Trevorburgh,2023-08-12,M
811,Kimberly Parker,59,North Stephanie,2018-03-14,M
812,Emily Frederick,26,Perezville,2018-01-22,S
813,Amy Booth,37,North Daniellebury,2022-04-28,M
814,Justin Taylor,59,West Janice,2017-03-25,M
815,James Espinoza,70,Arnoldview,2019-09-17,S
816,David Wheeler,60,Thomaschester,2021-05-29,S
817,Stephanie Johnson,59,Johnsonstad,2019-08-10,M
818,Christopher Mcpherson,50,Port Kellytown,2020-03-13,M
819,Abigail Woods,19,West Autumn,2018-11-10,M
820,Cynthia Rodriguez,37,New Josephshire,2019-04-02,S
821,Jessica Bell,31,Rodgersbury,2020-09-16,M
822,Jeffery Campbell,67,Beckyburgh,2018-08-16,M
823,Joseph Baker,30,Vincentton,2023-03-12,S
824,Matthew Wiley,26,Wrightberg,2022-04-16,S
825,Jonathan Fernandez,22,Wardville,2020-02-01,M
826,Emily Rogers,68,Lake Kenneth,2023-02-09,S
827,Amy Flores,50,Thomasside,2018-09-17,S
828,Faith Holder,60,Contreraston,2019-07-29,M
829,Julie Richardson,67,Elliotthaven,2021-05-24,S
830,Brandon Green,56,Danielborough,2020-10-12,M
831,Mr. Chris Gregory,27,Pattersonfurt,2021-09-13,S
832,Crystal Hill,29,East Allisonton,2018-05-10,S
833,Emily Campbell,64,Benjaminhaven,2023-04-09,M
834,Daniel Daniel,20,North Carriefort,2017-05-21,M
835,Destiny Lynn,41,Gonzalesside,2019-10-02,S
836,Steven Boone,46,Lake Anthony,2021-05-19,M
837,Kristen Moreno,66,North Maryton,2023-02-23,M
838,Elizabeth Hart,32,Brennanport,2019-01-26,S
839,Alex Cox,37,Lake Pamelatown,2021-09-20,M
840,April Cross,30,Lyonschester,2022-12-24,M
841,Gwendolyn Lewis,61,South Juan,2021-09-02,M
842,Kimberly Watson,47,North Glenn,2023-10-03,M
843,Patrick Martinez,67,Stevensfurt,2023-11-21,M
844,Cory Cole,50,Markfort,2022-03-07,M
845,Thomas Murray,28,West Stephanie,2020-10-30,S
846,Patricia Jimenez,69,East Veronicafurt,2021-12-23,S
847,Jeffrey Vang PhD,34,Lake Lauren,2018-07-02,S
848,Stephen Marshall,59,West Danielport,2018-01-30,M
849,Sheryl Lyons,41,Herreraton,2022-02-26,S
850,Stephanie Thompson,63,South Sarahmouth,2022-01-27,S
851,Richard Hampton,36,Kingstad,2018-02-08,S
852,Ryan Martinez,66,Susanburgh,2021-02-28,S
853,Penny Ramos,35,Lake Kevinmouth,2023-08-11,M
854,Amanda Abbott,50,Lake Melissamouth,2021-12-13,S
855,Lacey Fox,45,South Jaredshire,2020-04-26,S
856,Ronnie Jones,32,Wernerberg,2018-07-16,M
857,Jordan Miller,40,Maryburgh,2021-05-04,S
858,Diana Henry,44,New Jeremyfort,2022-01-22,S
859,Kimberly Holmes,43,Elizabethfurt,2017-08-23,M
860,Kimberly Torres,33,Lake Rachelside,2018-10-10,M
861,Stacy Carney,23,Bradyburgh,2023-10-27,M
862,Samuel Wilcox,32,Gainesborough,2020-02-02,S
863,Stacy Walsh,38,Harrisland,2023-10-23,S
864,Kellie Goodman,63,Jessicachester,2023-09-18,M
865,Peter Jacobson,68,Melissaside,2017-07-04,S
866,Garrett Moreno,26,Abigailfurt,2023-11-28,S
867,Kim Marsh,36,New Tristantown,2017-06-08,M
868,Charles Owens,62,Juliechester,2022-03-06,S
869,Sarah Gutierrez,66,Dayside,2023-01-01,M
870,Jerry Ramirez,46,South Jessica,2023-03-27,S
871,Kayla Carey,23,Longland,2023-07-05,S
872,Brett Morgan,34,North Angela,2017-03-14,S
873,Jimmy Vargas,27,Brandonside,2018-10-28,M
874,John Jones,25,Lake Thomasberg,2018-03-29,M
875,Michelle Christensen,33,Lake Nicolechester,2023-06-12,M
876,John Mendez,25,Reidside,2021-02-12,S
877,Angela Johnson,33,Edwardschester,2023-11-27,M
878,Eric Valdez,58,South Cynthia,2020-02-28,M
879,Mark Morris,22,South Amy,2017-05-20,S
880,Matthew Sanders Jr.,49,South Anthonyside,2021-12-03,S
881,Justin Ford,58,South Tylershire,2022-04-04,S
882,Amanda Schultz,63,Annaton,2021-05-20,S
883,Crystal Mann,36,West Coleland,2018-09-11,M
884,Andre Ortiz,18,Lake Camerontown,2021-11-10,M
885,Charles Deleon,33,East Randyborough,2022-09-15,M
886,Gina Greene,29,Lawrencehaven,2017-07-12,S
887,Jesse Harvey,51,Carpentershire,2019-02-27,M
888,David Miller,22,Port Thomaston,2019-10-21,S
889,Theresa Brown,42,Paulafort,2018-12-11,M
890,David Mercer,20,Michaelton,2021-01-28,M
891,April Smith,41,Tammyville,2021-06-08,M
892,Susan Johnson,65,Griffintown,2020-04-07,S
893,Samantha Cabrera,40,Lake Brendaton,2020-05-23,S
894,Victor Richardson,40,Penabury,2022-07-29,S
895,Dustin Donovan,64,Susanville,2020-02-17,S
896,Michael Holland,67,Lake Jenniferborough,2021-11-27,M
897,Steven Schwartz,26,Marioside,2017-04-27,S
898,Derek Patterson,40,Sheltonside,2020-09-05,M
899,Mary Johnson,70,Lake Deniseburgh,2019-11-10,S
900,Ashley Webb,67,Shawnville,2021-12-09,M
901,Luis Watson,62,Chadshire,2018-04-07,M
902,Julie Guzman,58,South Tonystad,2020-09-10,S
903,Dana Barrett,69,New Dustin,2019-01-20,S
904,Latasha Hopkins,22,Jenniferburgh,2022-10-27,M
905,Carolyn Lin,20,Melissaberg,2017-03-21,M
906,William Ortega,30,Christophermouth,2019-10-27,S
907,Joyce Briggs MD,68,North Nicoleville,2019-06-04,S
908,Amanda Thompson,20,Christophershire,2022-09-28,M
909,Brian Webb,37,Taylorton,2021-06-12,M
910,Ian Thompson,70,Cruzfurt,2020-01-10,M
911,Benjamin Lee,34,Lopezbury,2018-03-21,S
912,James Pugh,66,Murraymouth,2017-12-04,S
913,Carlos Montes,36,Port Tina,2019-01-02,M
914,Joseph Oneal,67,Steeleside,2022-07-23,S
915,William Myers,59,South Nancy,2019-05-08,M
916,Jim Edwards,35,East Jason,2019-03-11,S
917,Alison Cole,69,North Robertport,2022-12-25,M
918,Jeff Richardson,45,Yangfort,2022-12-07,M
919,Jesus Mayo,65,North Barbaraburgh,2018-12-20,M
920,Corey Page,42,West Austin,2021-12-04,M
921,Tyler Valdez,29,Jonathanmouth,2020-03-16,M
922,Daniel Lewis,62,Sanderschester,2020-09-20,M
923,Ricardo Roy,41,Heathtown,2022-05-04,M
924,Mary Moore,69,Johnathanview,2019-09-25,S
925,Miss Erin Medina,64,Lake Shelby,2019-09-04,M
926,Daniel Russell,23,South Kathyhaven,2017-03-17,M
927,Allison Rivera,56,Maryland,2020-11-01,S
928,Travis Holmes,52,Clarktown,2018-04-27,M
929,Tracy Watson,38,East Tracy,2023-11-09,S
930,Courtney Brown,23,North Rachel,2019-07-20,M
931,Daniel Buckley,60,Williammouth,2019-03-27,M
932,Jill Allen,37,Lake Barryport,2021-11-08,M
933,James Wolf,56,New Ronnieview,2019-08-12,M
934,Angela Jones,28,East Justinborough,2018-09-19,M
935,Mr. Robert Colon,40,Stokeston,2019-07-08,M
936,Michelle Gutierrez,20,North Mariatown,2017-02-10,M
937,Carlos Fox,57,Jeffreyview,2021-06-15,M
938,Mr. Carl Christian Jr.,35,North Garrettview,2019-11-28,S
939,Kenneth Gamble,22,East Jeffberg,2017-03-08,M
940,Ashley Wood,41,Melissashire,2023-05-31,S
941,James Hernandez,19,New Garymouth,2017-01-23,S
942,Zachary Lewis,56,Lawsonburgh,2020-12-15,M
943,Amber Owen,20,North Michaelport,2018-08-31,S
944,Kristina Campbell,22,Dominguezmouth,2017-10-20,S
945,Christine Keller,67,Lake Lance,2019-03-10,M
946,Alison Lopez,41,New Andreachester,2018-05-25,M
947,Tammy Pratt,54,Chenburgh,2021-04-05,S
948,Sarah Tate,56,Allentown,2020-11-12,S
949,Brenda Wilson,61,Katherineburgh,2017-12-09,M
950,Jennifer Burton MD,41,Scottton,2021-06-21,M
951,Stephen Thompson,46,South Christopher,2017-07-13,S
952,Amber Green,54,Jamesborough,2019-05-08,S
953,Alan Simpson,51,East Catherinefurt,2021-11-18,M
954,Hannah Hall,43,North Stephanie,2022-03-26,M
955,Melanie King,59,Jamesland,2018-09-07,M
956,Adam Young,33,Danielbury,2019-09-01,S
957,Deborah Garcia,19,Joshuaburgh,2020-06-03,S
958,Emily Hodge,49,South James,2022-02-22,M
959,Marvin Rhodes,53,Rasmussenland,2022-12-23,S
960,Tricia Grimes,34,Bellstad,2020-03-24,M
961,Jacqueline Odom,63,Lake Kristinland,2017-05-11,M
962,Caitlin Gibbs,31,Glassfort,2017-12-03,M
963,Cathy Dougherty,62,Charlesbury,2022-11-11,M
964,Shannon Rodriguez,30,South Angela,2022-06-03,S
965,Jessica Moore,26,New Kaylaton,2019-04-02,S
966,Michele Nguyen,46,Bryantshire,2021-09-04,S
967,Alison Hudson,63,Josephshire,2023-05-28,M
968,Shawn Hall,23,Lake Frank,2023-07-26,M
969,Heather Holland,60,Bassmouth,2019-02-21,M
970,Kevin Gray,63,East Amybury,2019-06-10,S
971,Thomas Thomas,53,West Victoriachester,2018-05-02,M
972,Claudia Stanley,37,Ralphport,2021-11-20,S
973,Kelsey Hall,63,East Rebeccaview,2021-11-25,S
974,Richard Ford,68,Port Robin,2017-11-19,M
975,Tamara Holmes,50,West Amber,2019-10-15,S
976,Jill Morris,25,Leemouth,2019-07-07,S
977,Debra Davis,68,Harrisberg,2019-06-09,S
978,Kenneth Butler,33,West Paulmouth,2020-02-12,M
979,Jonathan Reynolds,19,West Ronaldchester,2021-08-20,M
980,Caitlin Turner,53,Lake Cassandra,2022-08-25,M
981,Joseph Grant,47,North Robin,2020-05-10,S
982,Patty Novak,57,Jessicaborough,2017-09-25,S
983,Brittany Davis,22,East Michelle,2017-01-28,M
984,Adam Smith,43,Johnsonshire,2023-03-18,M
985,Kim Shelton,51,North Christopher,2018-03-27,M
986,Robert Chase,67,East Cindyland,2018-05-29,M
987,Mark Phelps,70,Sarahtown,2020-06-04,S
988,Scott Rodriguez,26,Wrightville,2017-11-23,M
989,Christopher Torres,59,Lisaburgh,2022-05-20,S
990,Mackenzie Burton,46,West Daniel,2023-08-07,M
991,Connie Roberts,61,Brandonburgh,2022-12-26,M
992,Morgan Gonzales,26,West Anthonyfort,2023-11-17,S
993,Pamela Miller DDS,67,East Mike,2021-10-17,S
994,Jordan Brooks,45,West James,2020-03-09,S
995,Sarah Haas,25,Mariahaven,2021-04-12,S
996,Paul Miller,37,South Xavier,2023-02-27,S
997,Pamela Moore,28,Bellton,2017-06-19,M
998,David Huynh,63,Fordfurt,2017-02-12,S
999,Beth Miller,40,Michaelberg,2022-11-01,M
1000,Danielle Martinez,23,Kellymouth,2021-05-26,M
